{
  "G": {
    "mean_pts": 22832777.777766667,
    "std_pts": 7760185.043790697,
    "mean_reb": 5470000.000033333,
    "std_reb": 2209304.3986685206,
    "mean_ast": 6148888.888866667,
    "std_ast": 2579778.677475499
  },
  "F": {
    "mean_pts": 20839444.44443333,
    "std_pts": 6858288.42072015,
    "mean_reb": 7776666.666666667,
    "std_reb": 3432137.3321202244,
    "mean_ast": 3761666.6666666665,
    "std_ast": 1591279.184953623
  },
  "C": {
    "mean_pts": 8489999.999966666,
    "std_pts": 3516586.623603454,
    "mean_reb": 6231666.666633333,
    "std_reb": 2532281.7627412123,
    "mean_ast": 1746666.6666333333,
    "std_ast": 1021830.2388097908
  },
  "OTHER": {
    "mean_pts": 53896666.666666664,
    "std_pts": 16321731.934254609,
    "mean_reb": 22496111.111133333,
    "std_reb": 7313960.121210294,
    "mean_ast": 11820000.000033334,
    "std_ast": 3718373.7982644252
  }
}